type,entry_time,entry_price,sl,tp,lots,spread,profit,exit_time,exit_price,reason,commission
SELL,2024-05-22 19:00:00+00:00,2380.899901367182,2401.379784179682,2339.940135742182,4.8828404398371114e-05,0.0,199.99999999999912,2024-05-23 17:00:00+00:00,2339.940135742182,TAKE_PROFIT,0.0
SELL,2024-05-23 18:00:00+00:00,2333.69995018827,2354.43998925077,2292.21987206327,4.918023524093833e-05,0.0,-0.9833694043433054,2024-05-24 18:00:00+00:00,2333.89990234375,SIGNAL_EXIT,0.0
SELL,2024-05-24 19:00:00+00:00,2335.8999006296226,2347.7998518014974,2312.0999982858725,8.570637377656285e-05,0.0,-101.99016630595501,2024-05-27 02:00:00+00:00,2347.7998518014974,STOP_LOSS,0.0
SELL,2024-05-29 15:00:00+00:00,2343.8000474119885,2358.0600083494887,2315.2801255369886,7.080683115854223e-05,0.0,-84.96820741746417,2024-05-30 08:00:00+00:00,2355.800048828125,SIGNAL_EXIT,0.0
SELL,2024-06-04 16:00:00+00:00,2346.1000965978883,2365.0200184728883,2308.2602528478883,5.291807399110753e-05,0.0,-33.867056176888795,2024-06-05 07:00:00+00:00,2352.5,SIGNAL_EXIT,0.0
SELL,2024-06-07 15:00:00+00:00,2331.600096976072,2360.940038382322,2272.920214163572,3.400889954936923e-05,0.0,3.400887641726766,2024-06-10 17:00:00+00:00,2330.60009765625,SIGNAL_EXIT,0.0
SELL,2024-06-13 08:00:00+00:00,2332.699949326827,2343.519822373702,2311.060203233077,9.225239561586136e-05,0.0,199.63184176674238,2024-06-13 16:00:00+00:00,2311.060203233077,TAKE_PROFIT,0.0
SELL,2024-06-13 17:00:00+00:00,2314.8999013676025,2335.7599111332274,2273.1798818363527,4.8807378541506506e-05,0.0,-101.81223930103774,2024-06-14 08:00:00+00:00,2335.7599111332274,STOP_LOSS,0.0
SELL,2024-06-17 16:00:00+00:00,2327.1999496164053,2340.1599105539053,2301.2800277414053,7.777347277056776e-05,0.0,-100.7941169080278,2024-06-18 00:00:00+00:00,2340.1599105539053,STOP_LOSS,0.0
SELL,2024-06-18 13:00:00+00:00,2328.4999985039544,2341.8399887383293,2301.8200180352046,7.480228544831666e-05,0.0,-99.78617573894685,2024-06-18 14:00:00+00:00,2341.8399887383293,STOP_LOSS,0.0
SELL,2024-06-24 07:00:00+00:00,2335.60009569226,2345.6600566297598,2315.48017381726,9.819950056993754e-05,0.0,-98.78831398155717,2024-06-24 13:00:00+00:00,2345.6600566297598,STOP_LOSS,0.0
SELL,2024-06-25 07:00:00+00:00,2338.999997671391,2347.399900015141,2322.200192983891,0.00011643043792587842,0.0,-97.8004308417425,2024-06-25 10:00:00+00:00,2347.399900015141,STOP_LOSS,0.0
SELL,2024-06-25 19:00:00+00:00,2331.300047393703,2344.7999009093282,2304.300340362453,7.172109417428927e-05,0.0,93.9553234817988,2024-06-27 09:00:00+00:00,2318.199951171875,SIGNAL_EXIT,0.0
SELL,2024-07-02 13:00:00+00:00,2336.4999984482224,2349.0999984482223,2311.2999984482226,7.758887283185958e-05,0.0,-57.41502023180722,2024-07-02 14:00:00+00:00,2343.89990234375,SIGNAL_EXIT,0.0
SELL,2024-07-02 15:00:00+00:00,2335.600096372394,2350.740086606769,2305.320115903644,6.419279541222045e-05,0.0,12.83855084101412,2024-07-02 18:00:00+00:00,2333.60009765625,SIGNAL_EXIT,0.0
SELL,2024-07-02 19:00:00+00:00,2337.3000473669226,2350.620066898173,2310.6600083044227,7.306011439842282e-05,0.0,-14.612033555245818,2024-07-03 01:00:00+00:00,2339.300048828125,SIGNAL_EXIT,0.0
BUY,2024-07-10 09:00:00+00:00,2379.300051512367,2372.0600124498674,2393.7801296373673,0.0001342121139124485,0.0,9.39415661550207,2024-07-11 01:00:00+00:00,2380.0,SIGNAL_EXIT,0.0
BUY,2024-07-11 07:00:00+00:00,2386.8999056633916,2381.0399935540167,2398.6197298821417,0.00016598207360350934,0.0,194.52807260967688,2024-07-11 12:00:00+00:00,2398.6197298821417,TAKE_PROFIT,0.0
SELL,2024-07-19 10:00:00+00:00,2418.199949797784,2432.639940032159,2389.319969329034,6.870455964351177e-05,0.0,198.41863406186957,2024-07-22 14:00:00+00:00,2389.319969329034,TAKE_PROFIT,0.0
SELL,2024-07-22 15:00:00+00:00,2389.6999497932243,2404.380027918224,2360.3397935432245,6.893253735429502e-05,0.0,-101.19350337155254,2024-07-23 01:00:00+00:00,2404.380027918224,STOP_LOSS,0.0
SELL,2024-07-23 08:00:00+00:00,2398.8999006370777,2410.6398908714527,2375.4199201683277,8.533360449014971e-05,0.0,-78.50859736655003,2024-07-23 10:00:00+00:00,2408.10009765625,SIGNAL_EXIT,0.0
SELL,2024-07-25 07:00:00+00:00,2371.1000967919326,2394.1000967919326,2325.1000967919326,4.321586189746614e-05,0.0,12.964754834017826,2024-07-26 07:00:00+00:00,2368.10009765625,SIGNAL_EXIT,0.0
SELL,2024-08-05 12:00:00+00:00,2426.899901755533,2460.739843161783,2359.2200189430328,2.9410845816101367e-05,0.0,-19.11705151046202,2024-08-06 13:00:00+00:00,2433.39990234375,SIGNAL_EXIT,0.0
SELL,2024-08-06 16:00:00+00:00,2428.4999989801327,2447.9799794488827,2389.5400380426327,5.099335677300187e-05,0.0,-80.56975789298875,2024-08-07 13:00:00+00:00,2444.300048828125,SIGNAL_EXIT,0.0
SELL,2024-08-08 07:00:00+00:00,2436.499998037254,2446.539939443504,2416.420115224754,9.813728769088433e-05,0.0,9.813709507231987,2024-08-08 08:00:00+00:00,2435.5,SIGNAL_EXIT,0.0
SELL,2024-08-22 15:00:00+00:00,2515.800047783345,2534.6800770802197,2478.039989189595,5.223900734617759e-05,0.0,-98.62739891354965,2024-08-23 08:00:00+00:00,2534.6800770802197,STOP_LOSS,0.0
SELL,2024-08-28 11:00:00+00:00,2539.9999984019482,2552.220017933198,2515.559959339448,7.990259317893809e-05,0.0,-97.64112492441319,2024-08-29 05:00:00+00:00,2552.220017933198,STOP_LOSS,0.0
SELL,2024-08-30 20:00:00+00:00,2534.80004749849,2549.34008656099,2505.71996937349,6.648174276538021e-05,0.0,193.329427350341,2024-09-03 14:00:00+00:00,2505.71996937349,TAKE_PROFIT,0.0
SELL,2024-09-03 15:00:00+00:00,2509.600096778263,2532.0601065438877,2464.680077247013,4.389936112119504e-05,0.0,-25.9001982111138,2024-09-04 07:00:00+00:00,2515.5,SIGNAL_EXIT,0.0
SELL,2024-09-04 10:00:00+00:00,2512.6999496773624,2525.8599594429875,2486.379930146112,7.472563297288133e-05,0.0,-98.33900596656346,2024-09-04 14:00:00+00:00,2525.8599594429875,STOP_LOSS,0.0
SELL,2024-09-09 07:00:00+00:00,2518.8000467871248,2528.3400370215,2499.720066318375,0.00010205001631563542,0.0,-97.35561590689899,2024-09-09 12:00:00+00:00,2528.3400370215,STOP_LOSS,0.0
SELL,2024-09-09 13:00:00+00:00,2530.1000962219923,2543.540086456367,2503.220115753242,7.171289418151145e-05,0.0,-25.099523249005955,2024-09-09 17:00:00+00:00,2533.60009765625,SIGNAL_EXIT,0.0
SELL,2024-09-30 19:00:00+00:00,2653.1000965749095,2670.8800770436596,2617.5401356374095,5.4067024811583766e-05,0.0,-79.47826832037013,2024-10-01 09:00:00+00:00,2667.800048828125,SIGNAL_EXIT,0.0
SELL,2024-10-03 13:00:00+00:00,2662.6000963284387,2676.9600084378135,2633.8802721096886,6.639057475142429e-05,0.0,-95.33628183213317,2024-10-03 16:00:00+00:00,2676.9600084378135,STOP_LOSS,0.0
SELL,2024-10-04 18:00:00+00:00,2670.1999504119494,2695.0399894744496,2620.5198722869495,3.799628445685463e-05,0.0,-23.178107463581533,2024-10-07 10:00:00+00:00,2676.300048828125,SIGNAL_EXIT,0.0
SELL,2024-10-07 19:00:00+00:00,2660.1999500616,2677.1599109991,2626.2800281866,5.5513770512879305e-05,0.0,188.3022758783545,2024-10-08 15:00:00+00:00,2626.2800281866,TAKE_PROFIT,0.0
SELL,2024-10-08 18:00:00+00:00,2633.1000967871605,2655.2000479590356,2588.9001944434103,4.3454467365600554e-05,0.0,-5.214327680437722,2024-10-10 10:00:00+00:00,2634.300048828125,SIGNAL_EXIT,0.0
SELL,2024-10-31 16:00:00+00:00,2752.199950189459,2771.739940423834,2713.119969720709,4.912081135655002e-05,0.0,-95.98201742115728,2024-11-01 13:00:00+00:00,2771.739940423834,STOP_LOSS,0.0
SELL,2024-11-01 15:00:00+00:00,2757.1000965461726,2774.2200184211724,2722.8602527961725,5.55038731722862e-05,0.0,23.866930317729313,2024-11-01 17:00:00+00:00,2752.800048828125,SIGNAL_EXIT,0.0
SELL,2024-11-01 19:00:00+00:00,2745.69995004851,2762.659862157885,2711.78012582976,5.616825484458988e-05,0.0,10.671413592612586,2024-11-04 17:00:00+00:00,2743.800048828125,SIGNAL_EXIT,0.0
SELL,2024-11-04 20:00:00+00:00,2747.6000960371102,2759.3801253339852,2724.0400374433602,8.095699788399278e-05,0.0,-32.38281226166657,2024-11-05 09:00:00+00:00,2751.60009765625,SIGNAL_EXIT,0.0
SELL,2024-11-06 10:00:00+00:00,2733.6000970603636,2765.5000482322384,2669.8001947166135,2.97943254054972e-05,0.0,190.0875051268634,2024-11-06 13:00:00+00:00,2669.8001947166135,TAKE_PROFIT,0.0
SELL,2024-11-06 14:00:00+00:00,2672.1999506971215,2713.0399409314964,2590.5199702283717,2.3737671595499533e-05,0.0,-46.52606926733254,2024-11-07 14:00:00+00:00,2691.800048828125,SIGNAL_EXIT,0.0
SELL,2024-11-11 07:00:00+00:00,2679.8000472795006,2692.2600570451254,2654.8800277482505,7.743121292584911e-05,0.0,192.95873384405445,2024-11-11 13:00:00+00:00,2654.8800277482505,TAKE_PROFIT,0.0
SELL,2024-11-11 14:00:00+00:00,2642.1000966857514,2662.380174810751,2601.5399404357513,4.852493844151175e-05,0.0,196.81790852093525,2024-11-12 09:00:00+00:00,2601.5399404357513,TAKE_PROFIT,0.0
SELL,2024-11-12 10:00:00+00:00,2599.3999011358364,2616.0198230108363,2566.1600573858364,6.039567099088831e-05,0.0,-100.37713334567566,2024-11-12 13:00:00+00:00,2616.0198230108363,STOP_LOSS,0.0
SELL,2024-11-12 14:00:00+00:00,2618.300047817204,2637.9600087547037,2578.980125942204,5.054606279642819e-05,0.0,36.898867538531704,2024-11-13 07:00:00+00:00,2611.0,SIGNAL_EXIT,0.0
SELL,2024-11-13 19:00:00+00:00,2588.699950139344,2608.0199208424688,2550.060008733094,5.1626553797761206e-05,0.0,199.4847013752097,2024-11-14 09:00:00+00:00,2550.060008733094,TAKE_PROFIT,0.0
SELL,2024-11-14 10:00:00+00:00,2548.199950050185,2566.3399402845603,2511.919969581435,5.608448317054053e-05,0.0,-101.73719770135794,2024-11-14 14:00:00+00:00,2566.3399402845603,STOP_LOSS,0.0
SELL,2024-11-14 15:00:00+00:00,2564.600096707852,2585.840086942227,2522.120116239102,4.741990208702542e-05,0.0,-52.161896793021434,2024-11-14 16:00:00+00:00,2575.60009765625,SIGNAL_EXIT,0.0
SELL,2024-11-25 19:00:00+00:00,2620.1999504726555,2648.8599602382806,2562.8799309414053,3.49609813729345e-05,0.0,-39.856033333435995,2024-11-27 02:00:00+00:00,2631.60009765625,SIGNAL_EXIT,0.0
SELL,2024-12-06 07:00:00+00:00,2661.3000481654453,2691.4200676966952,2601.0600091029455,3.313399127100019e-05,0.0,-16.566997831222327,2024-12-06 09:00:00+00:00,2666.300048828125,SIGNAL_EXIT,0.0
SELL,2024-12-06 18:00:00+00:00,2656.69995063273,2693.659960398355,2582.77993110148,2.6957237586401443e-05,0.0,-0.26983708352282304,2024-12-06 20:00:00+00:00,2656.800048828125,SIGNAL_EXIT,0.0
SELL,2024-12-13 11:00:00+00:00,2686.6999505518907,2718.8398919581405,2622.4200677393906,3.09992096172762e-05,0.0,41.229098232403075,2024-12-16 15:00:00+00:00,2673.39990234375,SIGNAL_EXIT,0.0
SELL,2024-12-16 20:00:00+00:00,2669.8000478905046,2691.1399404686294,2627.1202627342545,4.6881008744537016e-05,0.0,6.564023562102834,2024-12-17 05:00:00+00:00,2668.39990234375,SIGNAL_EXIT,0.0
SELL,2024-12-17 07:00:00+00:00,2666.300047607281,2682.7000476072812,2633.500047607281,6.104220078772983e-05,0.0,200.21841858375493,2024-12-17 13:00:00+00:00,2633.500047607281,TAKE_PROFIT,0.0
SELL,2024-12-17 14:00:00+00:00,2649.9999994161717,2684.979931056797,2580.040136134922,2.9191421677658254e-05,0.0,-39.992106866430944,2024-12-18 00:00:00+00:00,2663.699951171875,SIGNAL_EXIT,0.0
SELL,2024-12-18 19:00:00+00:00,2651.8000475816584,2668.1200182847833,2619.1601061754086,6.232331801280384e-05,0.0,203.4229448180991,2024-12-18 20:00:00+00:00,2619.1601061754086,TAKE_PROFIT,0.0
SELL,2024-12-19 07:00:00+00:00,2625.1999501045343,2644.6399891670344,2586.319871979534,5.3367023349946596e-05,0.0,81.65180061050744,2024-12-19 14:00:00+00:00,2609.89990234375,SIGNAL_EXIT,0.0
SELL,2024-12-19 16:00:00+00:00,2602.9999988634513,2621.399950035326,2566.200096519701,5.682744420711474e-05,0.0,-104.56221986333517,2024-12-20 07:00:00+00:00,2621.399950035326,STOP_LOSS,0.0
SELL,2024-12-20 08:00:00+00:00,2620.10009584651,2631.54003725276,2597.22021303401,9.048699987934245e-05,0.0,8.145139106510225,2024-12-20 11:00:00+00:00,2619.199951171875,SIGNAL_EXIT,0.0
SELL,2024-12-23 19:00:00+00:00,2627.1000959410408,2639.180027581666,2602.9402326597906,8.576045969280661e-05,0.0,-103.59804905576874,2024-12-26 05:00:00+00:00,2639.180027581666,STOP_LOSS,0.0
SELL,2024-12-27 16:00:00+00:00,2633.399900678784,2645.719920210034,2608.759861616284,8.324830030103386e-05,0.0,205.12413713041974,2024-12-30 16:00:00+00:00,2608.759861616284,TAKE_PROFIT,0.0
SELL,2024-12-30 17:00:00+00:00,2612.199950028554,2630.4998523723043,2575.600145341054,5.716604819601305e-05,0.0,-94.32398605933466,2024-12-31 09:00:00+00:00,2628.699951171875,SIGNAL_EXIT,0.0
SELL,2025-01-06 08:00:00+00:00,2638.600096018487,2651.260056955987,2613.280174143487,8.188814372155019e-05,0.0,-103.67007007591964,2025-01-06 11:00:00+00:00,2651.260056955987,STOP_LOSS,0.0
SELL,2025-01-06 14:00:00+00:00,2634.49999910831,2657.519969811435,2588.46005770206,4.458449174360994e-05,0.0,-48.15147275636678,2025-01-06 16:00:00+00:00,2645.300048828125,SIGNAL_EXIT,0.0
SELL,2025-01-27 17:00:00+00:00,2736.899901365283,2757.779881834033,2695.1399404277827,4.892334779741951e-05,0.0,-102.15185464759871,2025-01-28 14:00:00+00:00,2757.779881834033,STOP_LOSS,0.0
BUY,2025-02-10 09:00:00+00:00,2923.8000503352814,2910.3800308040313,2950.6400893977816,7.535781588516253e-05,0.0,202.26067220224593,2025-02-11 01:00:00+00:00,2950.6400893977816,TAKE_PROFIT,0.0
SELL,2025-02-25 13:00:00+00:00,2942.19994998484,2959.5798816254646,2907.4400867035897,5.9351754055250865e-05,0.0,-103.15294282314369,2025-02-25 14:00:00+00:00,2959.5798816254646,STOP_LOSS,0.0
SELL,2025-02-25 16:00:00+00:00,2918.100096962489,2947.540038368739,2859.220214149989,3.468804913220149e-05,0.0,-54.460070168838676,2025-02-27 00:00:00+00:00,2933.800048828125,SIGNAL_EXIT,0.0
SELL,2025-02-27 07:00:00+00:00,2906.1999497452284,2920.4398911514786,2877.7200669327285,7.133232489892284e-05,0.0,203.1536253864492,2025-02-28 03:00:00+00:00,2877.7200669327285,TAKE_PROFIT,0.0
SELL,2025-02-28 07:00:00+00:00,2875.100096308944,2890.4801744339443,2844.339940058944,6.736529431451729e-05,0.0,207.21669789417822,2025-02-28 15:00:00+00:00,2844.339940058944,TAKE_PROFIT,0.0
SELL,2025-02-28 16:00:00+00:00,2861.800047833016,2883.040038067391,2819.320067364266,4.975544468706811e-05,0.0,-105.6805159260312,2025-03-02 23:00:00+00:00,2883.040038067391,STOP_LOSS,0.0
SELL,2025-03-06 14:00:00+00:00,2912.399901327986,2932.9999013279858,2871.199901327986,5.078820911008296e-05,0.0,-47.23328762056368,2025-03-06 20:00:00+00:00,2921.699951171875,SIGNAL_EXIT,0.0
SELL,2025-03-10 09:00:00+00:00,2904.399901067383,2920.719871770508,2871.759959661133,6.381836082010981e-05,0.0,-79.77295917070306,2025-03-11 10:00:00+00:00,2916.89990234375,SIGNAL_EXIT,0.0
SELL,2025-03-25 08:00:00+00:00,3015.4999981931087,3026.9399395993587,2992.6201153806087,9.03445608929368e-05,0.0,-103.35364829885822,2025-03-25 09:00:00+00:00,3026.9399395993587,STOP_LOSS,0.0
SELL,2025-04-04 13:00:00+00:00,3090.1999509204743,3171.599902092349,2927.400048576724,1.2570045846811624e-05,0.0,42.486816023388435,2025-04-04 15:00:00+00:00,3056.39990234375,SIGNAL_EXIT,0.0
SELL,2025-04-04 16:00:00+00:00,3040.399902128532,3135.8798337691574,2849.4400388472823,1.0760897940608432e-05,0.0,20.01511230759705,2025-04-08 10:00:00+00:00,3021.800048828125,SIGNAL_EXIT,0.0
SELL,2025-04-08 20:00:00+00:00,2998.899901961196,3052.719823836196,2891.260058211196,1.9127699839155426e-05,0.0,-102.94513109917968,2025-04-09 06:00:00+00:00,3052.719823836196,STOP_LOSS,0.0
BUY,2025-04-16 07:00:00+00:00,3308.3999031060216,3281.6599128716466,3361.8798835747716,3.8113581528976136e-05,0.0,203.83135957637543,2025-04-16 22:00:00+00:00,3361.8798835747716,TAKE_PROFIT,0.0
BUY,2025-04-21 08:00:00+00:00,3397.000000882463,3373.4400399449632,3444.119922757463,4.412316033108935e-05,0.0,207.90798676790212,2025-04-21 22:00:00+00:00,3444.119922757463,TAKE_PROFIT,0.0
SELL,2025-04-23 14:00:00+00:00,3287.800048439725,3342.3999507834747,3178.6002437522247,1.942001152017958e-05,0.0,-106.03307325163014,2025-04-24 00:00:00+00:00,3342.3999507834747,STOP_LOSS,0.0
SELL,2025-04-25 11:00:00+00:00,3307.9999994222744,3344.3399896566493,3235.3200189535246,2.8886288037528857e-05,0.0,-104.97274251911395,2025-04-27 22:00:00+00:00,3344.3399896566493,STOP_LOSS,0.0
SELL,2025-04-28 07:00:00+00:00,3294.6999506143484,3331.9799799112234,3220.1398920205984,2.787632334361776e-05,0.0,-103.92301509392306,2025-04-28 14:00:00+00:00,3331.9799799112234,STOP_LOSS,0.0
SELL,2025-04-30 09:00:00+00:00,3293.6999503271827,3318.060008920933,3244.979833139683,4.22346212949506e-05,0.0,-102.88378494298459,2025-04-30 13:00:00+00:00,3318.060008920933,STOP_LOSS,0.0
SELL,2025-05-01 07:00:00+00:00,3243.800048226502,3277.660106820252,3176.079931039002,3.0081149095339934e-05,0.0,-40.60955308846007,2025-05-02 03:00:00+00:00,3257.300048828125,SIGNAL_EXIT,0.0
SELL,2025-05-08 17:00:00+00:00,3315.499999381787,3348.320018913037,3249.859960319287,3.0910661544876165e-05,0.0,-70.78511498677489,2025-05-09 13:00:00+00:00,3338.39990234375,SIGNAL_EXIT,0.0
SELL,2025-05-12 07:00:00+00:00,3280.800048443911,3333.2400386782856,3175.9200679751607,1.921072066614627e-05,0.0,41.30304869411128,2025-05-13 09:00:00+00:00,3259.300048828125,SIGNAL_EXIT,0.0
SELL,2025-05-13 17:00:00+00:00,3255.399901526674,3280.159911292299,3205.879881995424,4.085379281238317e-05,0.0,8.578694708304687,2025-05-13 20:00:00+00:00,3253.300048828125,SIGNAL_EXIT,0.0
SELL,2025-05-14 07:00:00+00:00,3232.199950199349,3253.019920902474,3190.5600087930993,4.862630178035269e-05,0.0,202.47963569365075,2025-05-14 12:00:00+00:00,3190.5600087930993,TAKE_PROFIT,0.0
SELL,2025-05-14 13:00:00+00:00,3188.600096995992,3219.8801751209917,3126.0399407459918,3.301290162738758e-05,0.0,206.52922840752493,2025-05-15 06:00:00+00:00,3126.0399407459918,TAKE_PROFIT,0.0
SELL,2025-05-15 07:00:00+00:00,3153.1999505511935,3187.1400384418184,3085.3197747699437,3.1034070043446176e-05,0.0,-87.51592791520032,2025-05-15 11:00:00+00:00,3181.39990234375,SIGNAL_EXIT,0.0
SELL,2025-05-16 16:00:00+00:00,3186.6000971238623,3225.8401850144874,3108.119921342612,2.6619396852482913e-05,0.0,-104.45474720868584,2025-05-18 22:00:00+00:00,3225.8401850144874,STOP_LOSS,0.0
SELL,2025-05-29 07:00:00+00:00,3268.6999505986482,3304.7799798955234,3196.5398920048983,2.866134029041806e-05,0.0,-103.41019973659927,2025-05-29 08:00:00+00:00,3304.7799798955234,STOP_LOSS,0.0
BUY,2025-06-02 08:00:00+00:00,3377.1999520644345,3354.2600594863093,3423.0797372206844,4.462797608601551e-05,0.0,19.19024364371395,2025-06-03 10:00:00+00:00,3381.5,SIGNAL_EXIT,0.0
SELL,2025-06-06 15:00:00+00:00,3348.699950435037,3376.539989497537,3293.019872310037,3.68419023929557e-05,0.0,-36.10524695184965,2025-06-09 17:00:00+00:00,3358.5,SIGNAL_EXIT,0.0
SELL,2025-06-10 07:00:00+00:00,3345.1000967501527,3367.6599112032777,3299.9804678439027,4.5304870710935134e-05,0.0,-50.28774694863297,2025-06-10 11:00:00+00:00,3356.199951171875,SIGNAL_EXIT,0.0
SELL,2025-06-19 07:00:00+00:00,3373.499999059163,3395.119920934163,3330.260155309163,4.7041830597116835e-05,0.0,-101.7040702366642,2025-06-19 10:00:00+00:00,3395.119920934163,STOP_LOSS,0.0
SELL,2025-06-19 12:00:00+00:00,3388.999999089624,3411.119872136499,3344.760252995874,4.551880985977134e-05,0.0,6.372184716817237,2025-06-20 17:00:00+00:00,3387.60009765625,SIGNAL_EXIT,0.0
SELL,2025-06-24 07:00:00+00:00,3338.6999504846226,3368.0198235314974,3280.0602043908725,3.436261515197963e-05,0.0,-8.934617873507255,2025-06-25 05:00:00+00:00,3341.300048828125,SIGNAL_EXIT,0.0
SELL,2025-06-25 14:00:00+00:00,3328.1999499792028,3345.079930447953,3294.4399890417026,5.963360288780342e-05,0.0,-100.66140520273207,2025-06-25 16:00:00+00:00,3345.079930447953,STOP_LOSS,0.0
SELL,2025-06-25 17:00:00+00:00,3348.800047705881,3366.5599598152558,3313.280223487131,5.6112209642129354e-05,0.0,3.3672742521651062,2025-06-25 20:00:00+00:00,3348.199951171875,SIGNAL_EXIT,0.0
SELL,2025-06-26 19:00:00+00:00,3347.100096686518,3367.6601064521433,3305.980077155268,4.848658392171509e-05,0.0,199.37692778645123,2025-06-27 03:00:00+00:00,3305.980077155268,TAKE_PROFIT,0.0
SELL,2025-06-27 07:00:00+00:00,3306.899901399627,3328.439940462127,3263.819823274627,4.720615077625992e-05,0.0,203.3644663421807,2025-06-29 22:00:00+00:00,3263.819823274627,TAKE_PROFIT,0.0
SELL,2025-06-30 07:00:00+00:00,3302.999999150565,3327.41996985369,3254.160057744315,4.247174539862971e-05,0.0,11.467160268362603,2025-06-30 09:00:00+00:00,3300.300048828125,SIGNAL_EXIT,0.0
SELL,2025-07-07 07:00:00+00:00,3318.6999501969426,3339.9999990250676,3276.0998525406926,4.874662507819977e-05,0.0,-103.83054943719577,2025-07-07 17:00:00+00:00,3339.9999990250676,STOP_LOSS,0.0
SELL,2025-07-08 16:00:00+00:00,3307.1999501699997,3327.719920873125,3266.16000876375,5.0093757651988026e-05,0.0,-54.60293465471471,2025-07-09 18:00:00+00:00,3318.10009765625,SIGNAL_EXIT,0.0
SELL,2025-07-15 19:00:00+00:00,3336.1000967224945,3358.0000967224946,3292.3000967224943,4.6687769222044136e-05,0.0,-48.08749478770884,2025-07-16 12:00:00+00:00,3346.39990234375,SIGNAL_EXIT,0.0
SELL,2025-07-17 12:00:00+00:00,3329.499998868015,3347.479979336765,3293.540037930515,5.659924927353076e-05,0.0,-101.76533964839957,2025-07-17 22:00:00+00:00,3347.479979336765,STOP_LOSS,0.0
SELL,2025-07-24 08:00:00+00:00,3372.600096430608,3389.040086664983,3339.720115961858,6.128208400103451e-05,0.0,201.4953725038317,2025-07-25 12:00:00+00:00,3339.720115961858,TAKE_PROFIT,0.0
SELL,2025-07-25 13:00:00+00:00,3341.8000475355093,3357.699998707384,3310.000145191759,6.463078965847894e-05,0.0,205.52527995390838,2025-07-28 13:00:00+00:00,3310.000145191759,TAKE_PROFIT,0.0
SELL,2025-07-28 14:00:00+00:00,3300.6999501610944,3321.4399403954694,3259.2199696923444,5.0539027064132875e-05,0.0,-104.81789277649297,2025-07-29 08:00:00+00:00,3321.4399403954694,STOP_LOSS,0.0
SELL,2025-07-29 09:00:00+00:00,3323.899901020155,3339.579881488905,3292.539940082655,6.617974687885598e-05,0.0,15.220040449437999,2025-07-29 13:00:00+00:00,3321.60009765625,SIGNAL_EXIT,0.0
SELL,2025-07-29 17:00:00+00:00,3321.100096592571,3340.6401844831958,3282.019920811321,5.318395435830275e-05,0.0,-27.655402236106173,2025-07-29 18:00:00+00:00,3326.300048828125,SIGNAL_EXIT,0.0
SELL,2025-08-01 07:00:00+00:00,3343.800047535792,3359.840086598292,3311.719969410792,6.461665076188861e-05,0.0,-103.64536023086137,2025-08-01 12:00:00+00:00,3359.840086598292,STOP_LOSS,0.0
SELL,2025-08-11 15:00:00+00:00,3403.899901565229,3430.259862502729,3351.1799796902287,3.892604654151064e-05,0.0,10.12019886455803,2025-08-13 02:00:00+00:00,3401.300048828125,SIGNAL_EXIT,0.0
SELL,2025-08-13 09:00:00+00:00,3409.499998696577,3425.260057290327,3377.979881509077,6.5171146418155e-05,0.0,-39.10269634544867,2025-08-13 10:00:00+00:00,3415.5,SIGNAL_EXIT,0.0
SELL,2025-08-14 13:00:00+00:00,3398.8999013748203,3420.01992090607,3356.6598623123205,4.8446490071824305e-05,0.0,-17.92615224120864,2025-08-18 05:00:00+00:00,3402.60009765625,SIGNAL_EXIT,0.0
SELL,2025-08-19 19:00:00+00:00,3361.800047471683,3376.8600084091827,3331.680125596683,6.782210163440655e-05,0.0,-102.13982013133115,2025-08-20 12:00:00+00:00,3376.8600084091827,STOP_LOSS,0.0
SELL,2025-08-22 08:00:00+00:00,3369.499998025038,3379.740037087538,3349.019919900038,9.874808222199443e-05,0.0,-101.11842193001668,2025-08-22 14:00:00+00:00,3379.740037087538,STOP_LOSS,0.0
BUY,2025-09-02 07:00:00+00:00,3555.8000495813767,3529.2200202845015,3608.9601081751266,3.766257613662143e-05,0.0,200.21447542143622,2025-09-03 00:00:00+00:00,3608.9601081751266,TAKE_PROFIT,0.0
BUY,2025-09-08 18:00:00+00:00,3674.3999034265607,3655.5398448328106,3712.1200206140606,5.414054360296128e-05,0.0,204.21876492986482,2025-09-09 14:00:00+00:00,3712.1200206140606,TAKE_PROFIT,0.0
SELL,2025-09-18 07:00:00+00:00,3670.9999991805516,3696.4199210555516,3620.1601554305516,4.097241943794577e-05,0.0,-104.15157011423129,2025-09-18 08:00:00+00:00,3696.4199210555516,STOP_LOSS,0.0
SELL,2025-09-18 17:00:00+00:00,3679.3000478992035,3701.4999990710785,3634.9001455554535,4.6446072612861676e-05,0.0,-56.6639861147029,2025-09-19 05:00:00+00:00,3691.5,SIGNAL_EXIT,0.0
BUY,2025-09-22 15:00:00+00:00,3760.000000918847,3737.679981387597,3804.640039981347,4.594234983010302e-05,0.0,205.08682910388347,2025-09-23 08:00:00+00:00,3804.640039981347,TAKE_PROFIT,0.0
BUY,2025-10-06 08:00:00+00:00,3965.8000495860547,3938.200049586055,4021.0000495860545,3.789647929093506e-05,0.0,209.18856568596084,2025-10-08 01:00:00+00:00,4021.0000495860545,TAKE_PROFIT,0.0
BUY,2025-10-13 18:00:00+00:00,4123.299805489049,4096.679785957798,4176.539844551548,4.0077419317667464e-05,0.0,213.37233699968007,2025-10-14 03:00:00+00:00,4176.539844551548,TAKE_PROFIT,0.0
SELL,2025-10-21 15:00:00+00:00,4151.999999763435,4243.999999763435,3967.999999763435,1.1828249116286653e-05,0.0,64.22716140113097,2025-10-23 01:00:00+00:00,4097.7001953125,SIGNAL_EXIT,0.0
SELL,2025-10-24 11:00:00+00:00,4068.199950639989,4109.3599604056135,3985.8799311087387,2.6594299687282006e-05,0.0,-109.46216348384756,2025-10-24 12:00:00+00:00,4109.3599604056135,STOP_LOSS,0.0
SELL,2025-10-24 13:00:00+00:00,4096.2998042732515,4148.619921460751,3991.6595698982514,2.0712404267110576e-05,0.0,-108.36754184900965,2025-10-24 14:00:00+00:00,4148.619921460751,STOP_LOSS,0.0
SELL,2025-10-27 09:00:00+00:00,4055.399901840543,4098.039940903043,3970.119823715543,2.5160358383646818e-05,0.0,214.56773286103947,2025-10-28 06:00:00+00:00,3970.119823715543,TAKE_PROFIT,0.0
SELL,2025-10-28 07:00:00+00:00,3958.1999507300925,4007.7399409644677,3859.1199702613426,2.2089133090542874e-05,0.0,-41.969353847890716,2025-10-29 04:00:00+00:00,3977.199951171875,SIGNAL_EXIT,0.0
SELL,2025-10-30 07:00:00+00:00,3989.100097258984,4043.980126555859,3879.3400386652343,1.986330029653587e-05,0.0,33.56926767835733,2025-10-30 13:00:00+00:00,3972.199951171875,SIGNAL_EXIT,0.0
SELL,2025-11-03 07:00:00+00:00,4028.199950593632,4066.019872468632,3952.5601068436317,2.8912154620212318e-05,0.0,-23.129725367995214,2025-11-03 08:00:00+00:00,4036.199951171875,SIGNAL_EXIT,0.0
SELL,2025-11-04 07:00:00+00:00,3993.4999993641354,4027.8199700672603,3924.8600579578856,3.179322225756436e-05,0.0,11.763334973337367,2025-11-05 09:00:00+00:00,3989.800048828125,SIGNAL_EXIT,0.0
BUY,2025-11-10 08:00:00+00:00,4083.399903141063,4055.999903141063,4138.199903141063,3.986564926769651e-05,0.0,218.46375798697758,2025-11-11 00:00:00+00:00,4138.199903141063,TAKE_PROFIT,0.0
SELL,2025-11-14 14:00:00+00:00,4056.3999019936036,4120.039843399853,3929.1200191811035,1.750732544867116e-05,0.0,-16.281898765264355,2025-11-18 14:00:00+00:00,4065.699951171875,SIGNAL_EXIT,0.0
SELL,2025-11-20 09:00:00+00:00,4062.399901847747,4107.260009269622,3972.679687003997,2.4800140699497134e-05,0.0,-5.70415468541562,2025-11-20 18:00:00+00:00,4064.699951171875,SIGNAL_EXIT,0.0
SELL,2025-11-20 20:00:00+00:00,4084.1999507359806,4135.219921439106,3982.1600093297307,2.1794731456409983e-05,0.0,15.038150915728293,2025-11-20 21:00:00+00:00,4077.300048828125,SIGNAL_EXIT,0.0
SELL,2025-11-21 07:00:00+00:00,4030.199950515347,4064.119921218472,3962.360009109097,3.282639555397683e-05,0.0,-111.34703754800807,2025-11-21 12:00:00+00:00,4064.119921218472,STOP_LOSS,0.0
SELL,2025-11-21 13:00:00+00:00,4064.4999995348785,4111.899901878629,3969.7001948473785,2.3256074743171632e-05,0.0,-81.62905054032738,2025-11-21 17:00:00+00:00,4099.60009765625,SIGNAL_EXIT,0.0
SELL,2025-12-08 16:00:00+00:00,4211.499999664158,4276.6600582579085,4081.1798824766583,1.6792077697367262e-05,0.0,-36.4391371375027,2025-12-09 11:00:00+00:00,4233.2001953125,SIGNAL_EXIT,0.0
BUY,2025-12-22 14:00:00+00:00,4458.399903261705,4434.639942324205,4505.919825136705,4.589775445448386e-05,0.0,218.1057705915023,2025-12-23 01:00:00+00:00,4505.919825136705,TAKE_PROFIT,0.0
SELL,2025-12-29 15:00:00+00:00,4378.600097375427,4457.8202145629275,4220.159863000427,1.4041123258931099e-05,0.0,-3.7906923131852595,2025-12-30 15:00:00+00:00,4381.2998046875,SIGNAL_EXIT,0.0
SELL,2025-12-30 19:00:00+00:00,4380.100097170465,4425.880077639215,4288.540136232965,2.4289227505118166e-05,0.0,222.39207215706787,2025-12-31 05:00:00+00:00,4288.540136232965,TAKE_PROFIT,0.0
SELL,2025-12-31 07:00:00+00:00,4339.299804298942,4397.679687111442,4222.540038673942,1.9427917860742823e-05,0.0,10.878874344087324,2025-12-31 19:00:00+00:00,4333.7001953125,SIGNAL_EXIT,0.0
SELL,2025-12-31 20:00:00+00:00,4324.200194746554,4364.320214277805,4243.960155684054,2.829728072667463e-05,0.0,-113.52874554354607,2026-01-02 05:00:00+00:00,4364.320214277805,STOP_LOSS,0.0
SELL,2026-01-08 08:00:00+00:00,4438.499999240068,4468.079882052568,4379.340233615068,3.799658666687275e-05,0.0,-112.39345808810889,2026-01-08 16:00:00+00:00,4468.079882052568,STOP_LOSS,0.0
BUY,2026-01-20 18:00:00+00:00,4763.79980529553,4727.19980529553,4836.99980529553,3.0401509154980465e-05,0.0,222.53904701445643,2026-01-21 01:00:00+00:00,4836.99980529553,TAKE_PROFIT,0.0
SELL,2026-01-30 14:00:00+00:00,5046.700195200605,5249.5601561381045,4640.980273325605,5.594741981259682e-06,0.0,60.5912195028964,2026-02-03 13:00:00+00:00,4938.39990234375,SIGNAL_EXIT,0.0
SELL,2026-02-05 07:00:00+00:00,4937.2001951425555,5071.480273267555,4668.640038892556,8.497226674696054e-06,0.0,41.80652105655735,2026-02-06 10:00:00+00:00,4888.0,SIGNAL_EXIT,0.0
SELL,2026-02-13 07:00:00+00:00,4985.899901981806,5049.179687138056,4859.340331669306,1.809723138284973e-05,0.0,-114.5188913829676,2026-02-13 16:00:00+00:00,5049.179687138056,STOP_LOSS,0.0
SELL,2026-02-17 10:00:00+00:00,4944.600097342543,5016.880273123794,4800.039745780044,1.5685310839898078e-05,0.0,-8.78392773926507,2026-02-18 08:00:00+00:00,4950.2001953125,SIGNAL_EXIT,0.0
SELL,2026-03-03 14:00:00+00:00,5166.899902211577,5338.319824086577,4824.060058461577,6.608675465057888e-06,0.0,-24.71638178881916,2026-03-04 12:00:00+00:00,5204.2998046875,SIGNAL_EXIT,0.0
SELL,2026-03-04 19:00:00+00:00,5144.799804325777,5207.299901982026,5019.7996090132765,1.808616364018644e-05,0.0,-80.66446711214203,2026-03-05 04:00:00+00:00,5189.39990234375,SIGNAL_EXIT,0.0
SELL,2026-03-05 12:00:00+00:00,5175.10009718069,5222.29999952444,5080.700292493189,2.3778026887718108e-05,0.0,3.566702902369328,2026-03-05 13:00:00+00:00,5173.60009765625,SIGNAL_EXIT,0.0
SELL,2026-03-05 17:00:00+00:00,5086.600097365023,5163.700097365024,4932.400097365024,1.456131280567566e-05,0.0,-55.47874441400876,2026-03-06 07:00:00+00:00,5124.7001953125,SIGNAL_EXIT,0.0
SELL,2026-03-06 12:00:00+00:00,5086.299804138809,5127.019628357559,5004.860155701309,2.7434532547952282e-05,0.0,-111.71293428761825,2026-03-06 13:00:00+00:00,5127.019628357559,STOP_LOSS,0.0
SELL,2026-03-06 14:00:00+00:00,5093.200194936707,5152.060058217957,4975.480468374207,1.878968090977094e-05,0.0,-110.59580494474305,2026-03-06 15:00:00+00:00,5152.060058217957,STOP_LOSS,0.0
SELL,2026-03-09 07:00:00+00:00,5104.799804461515,5201.699804461515,4910.999804461515,1.1299261805500064e-05,0.0,-64.51889550910516,2026-03-09 23:00:00+00:00,5161.89990234375,SIGNAL_EXIT,0.0
SELL,2026-03-12 07:00:00+00:00,5171.899901920559,5223.339940983059,5069.019823795559,2.1159520856498104e-05,0.0,-27.71917985340944,2026-03-12 12:00:00+00:00,5185.0,SIGNAL_EXIT,0.0
SELL,2026-03-12 19:00:00+00:00,5100.200194862198,5148.420116737198,5003.760351112198,2.2515064711865105e-05,0.0,112.80069306626574,2026-03-13 17:00:00+00:00,5050.10009765625,SIGNAL_EXIT,0.0
SELL,2026-03-13 18:00:00+00:00,5050.799804306083,5108.319823837333,4935.759765243583,1.9070833766448354e-05,0.0,84.8652095333019,2026-03-17 01:00:00+00:00,5006.2998046875,SIGNAL_EXIT,0.0
SELL,2026-03-17 14:00:00+00:00,5021.600097106828,5061.840233825578,4941.119823669328,2.747111073212577e-05,0.0,41.481643968752095,2026-03-17 17:00:00+00:00,5006.5,SIGNAL_EXIT,0.0
SELL,2026-03-17 18:00:00+00:00,5007.399901815878,5049.440038534628,4923.319628378378,2.6393572968059767e-05,0.0,221.91788321470784,2026-03-18 12:00:00+00:00,4923.319628378378,TAKE_PROFIT,0.0
SELL,2026-03-18 13:00:00+00:00,4883.99999963086,4945.319921505859,4761.36015588086,1.8456990318776522e-05,0.0,226.3562408790019,2026-03-19 06:00:00+00:00,4761.36015588086,TAKE_PROFIT,0.0
SELL,2026-03-19 07:00:00+00:00,4765.299804331528,4830.1598629252785,4635.579687144028,1.7798578254663324e-05,0.0,230.88336569658222,2026-03-19 12:00:00+00:00,4635.579687144028,TAKE_PROFIT,0.0
SELL,2026-03-19 13:00:00+00:00,4576.100097468899,4701.800390437648,4324.6995115313985,9.367561023467959e-06,0.0,-117.75051650525627,2026-03-20 02:00:00+00:00,4701.800390437648,STOP_LOSS,0.0
SELL,2026-03-20 14:00:00+00:00,4617.100097401279,4708.540038807529,4434.220214588779,1.274858771204726e-05,0.0,233.14602268040807,2026-03-23 00:00:00+00:00,4434.220214588779,TAKE_PROFIT,0.0
SELL,2026-03-23 07:00:00+00:00,4224.799804553448,4402.199706897198,3869.9999998659478,6.702623281979346e-06,0.0,-118.90447156700812,2026-03-23 11:00:00+00:00,4402.199706897198,STOP_LOSS,0.0
SELL,2026-03-23 12:00:00+00:00,4380.100097537008,4577.539941287008,3985.220410037008,5.962090762206554e-06,0.0,-60.51522130748971,2026-03-23 13:00:00+00:00,4481.60009765625,SIGNAL_EXIT,0.0
SELL,2026-03-26 11:00:00+00:00,4440.499999668618,4511.180077793619,4299.1398434186185,1.656906411890913e-05,0.0,-57.66002006833861,2026-03-27 08:00:00+00:00,4475.2998046875,SIGNAL_EXIT,0.0
SELL,2026-04-21 10:00:00+00:00,4802.799803962789,4834.9598625565395,4738.479686775289,3.623552926617707e-05,0.0,233.06734887515884,2026-04-21 16:00:00+00:00,4738.479686775289,TAKE_PROFIT,0.0
SELL,2026-04-21 17:00:00+00:00,4729.299804278751,4787.459960528751,4612.979491778751,2.0437418946296475e-05,0.0,-118.86434792633133,2026-04-22 05:00:00+00:00,4787.459960528751,STOP_LOSS,0.0
SELL,2026-04-22 17:00:00+00:00,4747.399901606894,4779.339843013144,4683.520018794394,3.6842805360952e-05,0.0,235.35140889413603,2026-04-23 17:00:00+00:00,4683.520018794394,TAKE_PROFIT,0.0
SELL,2026-04-24 07:00:00+00:00,4687.100097020166,4724.840136082666,4611.620018895166,3.1804211526446236e-05,0.0,-120.02921853600878,2026-04-24 11:00:00+00:00,4724.840136082666,STOP_LOSS,0.0
SELL,2026-04-24 12:00:00+00:00,4723.200194709918,4762.640136116168,4644.320311897418,3.012908288241489e-05,0.0,-60.85986655002753,2026-04-24 15:00:00+00:00,4743.39990234375,SIGNAL_EXIT,0.0
SELL,2026-04-27 17:00:00+00:00,4691.399901505305,4719.599803849055,4635.000096817805,4.1922247192232005e-05,0.0,236.44065537029957,2026-04-28 07:00:00+00:00,4635.000096817805,TAKE_PROFIT,0.0
SELL,2026-04-28 08:00:00+00:00,4646.999999313297,4682.119921188297,4576.760155563297,3.433513738101162e-05,0.0,241.1694684777028,2026-04-28 11:00:00+00:00,4576.760155563297,TAKE_PROFIT,0.0
SELL,2026-04-28 12:00:00+00:00,4575.600097180072,4627.259960461322,4472.280370617572,2.3808895554756675e-05,0.0,52.14124762244477,2026-04-30 05:00:00+00:00,4553.7001953125,SIGNAL_EXIT,0.0
SELL,2026-04-30 08:00:00+00:00,4610.499999424962,4653.459862706212,4524.580272862462,2.875191678130022e-05,0.0,-52.32905175618559,2026-04-30 09:00:00+00:00,4628.7001953125,SIGNAL_EXIT,0.0
SELL,2026-05-01 13:00:00+00:00,4601.600097087358,4644.840136149858,4515.120018962359,2.8444597541762833e-05,0.0,-122.99455088229112,2026-05-01 14:00:00+00:00,4644.840136149858,STOP_LOSS,0.0
SELL,2026-05-04 11:00:00+00:00,4573.499999405444,4614.459862686695,4491.580272842944,2.972778608594827e-05,0.0,57.9691811001164,2026-05-05 11:00:00+00:00,4554.0,SIGNAL_EXIT,0.0
